[
  {
    "id": "bear-valley-community-hospital|ca",
    "name": "Bear Valley Community Hospital",
    "address": "",
    "city": "Big Bear Lake",
    "state": "CA",
    "zip": "",
    "lat": 34.2439,
    "lon": -116.9114,
    "hasEmergency": true,
    "phone": "",
    "nearestResort": "Big Bear Mountain Resort",
    "nearestResortDist": 1.3
  },
  {
    "id": "mammoth-hospital|ca",
    "name": "Mammoth Hospital",
    "address": "",
    "city": "Mammoth Lakes",
    "state": "CA",
    "zip": "",
    "lat": 37.6489,
    "lon": -118.9625,
    "hasEmergency": true,
    "phone": "",
    "nearestResort": "Mammoth Mountain",
    "nearestResortDist": 4.0
  },
  {
    "id": "barton-memorial-hospital|ca",
    "name": "Barton Memorial Hospital",
    "address": "",
    "city": "South Lake Tahoe",
    "state": "CA",
    "zip": "",
    "lat": 38.9394,
    "lon": -119.9772,
    "hasEmergency": true,
    "phone": "",
    "nearestResort": "Heavenly",
    "nearestResortDist": 4.3
  },
  {
    "id": "tahoe-forest-hospital|ca",
    "name": "Tahoe Forest Hospital",
    "address": "",
    "city": "Truckee",
    "state": "CA",
    "zip": "",
    "lat": 39.3289,
    "lon": -120.1836,
    "hasEmergency": true,
    "phone": "",
    "nearestResort": "Palisades Tahoe",
    "nearestResortDist": 9.5
  },
  {
    "id": "aspen-valley-hospital|co",
    "name": "Aspen Valley Hospital",
    "address": "",
    "city": "Aspen",
    "state": "CO",
    "zip": "",
    "lat": 39.1911,
    "lon": -106.8175,
    "hasEmergency": true,
    "phone": "",
    "nearestResort": "Aspen Snowmass",
    "nearestResortDist": 6.8
  },
  {
    "id": "boulder-community-health|co",
    "name": "Boulder Community Health",
    "address": "",
    "city": "Boulder",
    "state": "CO",
    "zip": "",
    "lat": 40.0274,
    "lon": -105.2453,
    "hasEmergency": true,
    "phone": "",
    "nearestResort": "Eldora Mountain Resort",
    "nearestResortDist": 18.9
  },
  {
    "id": "uchealth-memorial-hospital|co",
    "name": "UCHealth Memorial Hospital",
    "address": "",
    "city": "Colorado Springs",
    "state": "CO",
    "zip": "",
    "lat": 38.8581,
    "lon": -104.8214,
    "hasEmergency": true,
    "phone": "",
    "nearestResort": "Keystone",
    "nearestResortDist": 78.4
  },
  {
    "id": "uchealth-poudre-valley-hospital|co",
    "name": "UCHealth Poudre Valley Hospital",
    "address": "",
    "city": "Fort Collins",
    "state": "CO",
    "zip": "",
    "lat": 40.5608,
    "lon": -105.0842,
    "hasEmergency": true,
    "phone": "",
    "nearestResort": "Eldora Mountain Resort",
    "nearestResortDist": 50.5
  },
  {
    "id": "st.-anthony-summit-medical-center|co",
    "name": "St. Anthony Summit Medical Center",
    "address": "",
    "city": "Frisco",
    "state": "CO",
    "zip": "",
    "lat": 39.5753,
    "lon": -106.0975,
    "hasEmergency": true,
    "phone": "",
    "nearestResort": "Breckenridge",
    "nearestResortDist": 6.9
  },
  {
    "id": "st.-mary's-medical-center|co",
    "name": "St. Mary's Medical Center",
    "address": "",
    "city": "Grand Junction",
    "state": "CO",
    "zip": "",
    "lat": 39.0639,
    "lon": -108.5506,
    "hasEmergency": true,
    "phone": "",
    "nearestResort": "Crested Butte",
    "nearestResortDist": 85.2
  },
  {
    "id": "uchealth-yampa-valley-medical-center|co",
    "name": "UCHealth Yampa Valley Medical Center",
    "address": "",
    "city": "Steamboat Springs",
    "state": "CO",
    "zip": "",
    "lat": 40.485,
    "lon": -106.8317,
    "hasEmergency": true,
    "phone": "",
    "nearestResort": "Steamboat",
    "nearestResortDist": 0.0
  },
  {
    "id": "vail-health-hospital|co",
    "name": "Vail Health Hospital",
    "address": "",
    "city": "Vail",
    "state": "CO",
    "zip": "",
    "lat": 39.6403,
    "lon": -106.3742,
    "hasEmergency": true,
    "phone": "",
    "nearestResort": "Vail",
    "nearestResortDist": 0.8
  },
  {
    "id": "bonner-general-health|id",
    "name": "Bonner General Health",
    "address": "",
    "city": "Sandpoint",
    "state": "ID",
    "zip": "",
    "lat": 48.2767,
    "lon": -116.5531,
    "hasEmergency": true,
    "phone": "",
    "nearestResort": "Schweitzer",
    "nearestResortDist": 7.6
  },
  {
    "id": "franklin-memorial-hospital|me",
    "name": "Franklin Memorial Hospital",
    "address": "",
    "city": "Farmington",
    "state": "ME",
    "zip": "",
    "lat": 44.67,
    "lon": -70.1481,
    "hasEmergency": true,
    "phone": "",
    "nearestResort": "Sugarloaf",
    "nearestResortDist": 27.5
  },
  {
    "id": "central-maine-medical-center|me",
    "name": "Central Maine Medical Center",
    "address": "",
    "city": "Lewiston",
    "state": "ME",
    "zip": "",
    "lat": 44.0978,
    "lon": -70.2178,
    "hasEmergency": true,
    "phone": "",
    "nearestResort": "Sunday River",
    "nearestResortDist": 41.2
  },
  {
    "id": "stephens-memorial-hospital|me",
    "name": "Stephens Memorial Hospital",
    "address": "",
    "city": "Norway",
    "state": "ME",
    "zip": "",
    "lat": 44.2136,
    "lon": -70.5428,
    "hasEmergency": true,
    "phone": "",
    "nearestResort": "Sunday River",
    "nearestResortDist": 24.0
  },
  {
    "id": "mclaren-northern-michigan|mi",
    "name": "McLaren Northern Michigan",
    "address": "",
    "city": "Petoskey",
    "state": "MI",
    "zip": "",
    "lat": 45.3736,
    "lon": -84.9553,
    "hasEmergency": true,
    "phone": "",
    "nearestResort": "Boyne Highlands",
    "nearestResortDist": 7.2
  },
  {
    "id": "munson-medical-center|mi",
    "name": "Munson Medical Center",
    "address": "",
    "city": "Traverse City",
    "state": "MI",
    "zip": "",
    "lat": 44.7631,
    "lon": -85.6206,
    "hasEmergency": true,
    "phone": "",
    "nearestResort": "Boyne Mountain",
    "nearestResortDist": 43.1
  },
  {
    "id": "big-sky-medical-center|mt",
    "name": "Big Sky Medical Center",
    "address": "",
    "city": "Big Sky",
    "state": "MT",
    "zip": "",
    "lat": 45.2636,
    "lon": -111.3103,
    "hasEmergency": true,
    "phone": "",
    "nearestResort": "Big Sky",
    "nearestResortDist": 0.3
  },
  {
    "id": "bozeman-health-deaconess-hospital|mt",
    "name": "Bozeman Health Deaconess Hospital",
    "address": "",
    "city": "Bozeman",
    "state": "MT",
    "zip": "",
    "lat": 45.677,
    "lon": -111.0429,
    "hasEmergency": true,
    "phone": "",
    "nearestResort": "Big Sky",
    "nearestResortDist": 31.6
  },
  {
    "id": "dartmouth-hitchcock-medical-center|nh",
    "name": "Dartmouth-Hitchcock Medical Center",
    "address": "",
    "city": "Lebanon",
    "state": "NH",
    "zip": "",
    "lat": 43.6364,
    "lon": -72.2873,
    "hasEmergency": true,
    "phone": "",
    "nearestResort": "Mount Sunapee",
    "nearestResortDist": 23.1
  },
  {
    "id": "littleton-regional-healthcare|nh",
    "name": "Littleton Regional Healthcare",
    "address": "",
    "city": "Littleton",
    "state": "NH",
    "zip": "",
    "lat": 44.3064,
    "lon": -71.7731,
    "hasEmergency": true,
    "phone": "",
    "nearestResort": "Loon Mountain",
    "nearestResortDist": 20.2
  },
  {
    "id": "memorial-hospital|nh",
    "name": "Memorial Hospital",
    "address": "",
    "city": "North Conway",
    "state": "NH",
    "zip": "",
    "lat": 44.0536,
    "lon": -71.1284,
    "hasEmergency": true,
    "phone": "",
    "nearestResort": "Attitash",
    "nearestResortDist": 5.9
  },
  {
    "id": "holy-cross-hospital|nm",
    "name": "Holy Cross Hospital",
    "address": "",
    "city": "Taos",
    "state": "NM",
    "zip": "",
    "lat": 36.4072,
    "lon": -105.5731,
    "hasEmergency": true,
    "phone": "",
    "nearestResort": "Taos Ski Valley",
    "nearestResortDist": 14.6
  },
  {
    "id": "albany-medical-center|ny",
    "name": "Albany Medical Center",
    "address": "",
    "city": "Albany",
    "state": "NY",
    "zip": "",
    "lat": 42.6525,
    "lon": -73.7739,
    "hasEmergency": true,
    "phone": "",
    "nearestResort": "Windham Mountain",
    "nearestResortDist": 34.7
  },
  {
    "id": "columbia-memorial-hospital|ny",
    "name": "Columbia Memorial Hospital",
    "address": "",
    "city": "Hudson",
    "state": "NY",
    "zip": "",
    "lat": 42.2528,
    "lon": -73.7907,
    "hasEmergency": true,
    "phone": "",
    "nearestResort": "Hunter",
    "nearestResortDist": 22.1
  },
  {
    "id": "lehigh-valley-hospital|pa",
    "name": "Lehigh Valley Hospital",
    "address": "",
    "city": "Allentown",
    "state": "PA",
    "zip": "",
    "lat": 40.5953,
    "lon": -75.4903,
    "hasEmergency": true,
    "phone": "",
    "nearestResort": "Blue Mountain",
    "nearestResortDist": 24.5
  },
  {
    "id": "excela-health-westmoreland|pa",
    "name": "Excela Health Westmoreland",
    "address": "",
    "city": "Greensburg",
    "state": "PA",
    "zip": "",
    "lat": 40.3017,
    "lon": -79.5389,
    "hasEmergency": true,
    "phone": "",
    "nearestResort": "Roundtop",
    "nearestResortDist": 15.9
  },
  {
    "id": "geisinger-wyoming-valley|pa",
    "name": "Geisinger Wyoming Valley",
    "address": "",
    "city": "Wilkes-Barre",
    "state": "PA",
    "zip": "",
    "lat": 41.2456,
    "lon": -75.8497,
    "hasEmergency": true,
    "phone": "",
    "nearestResort": "Big Boulder",
    "nearestResortDist": 18.9
  },
  {
    "id": "intermountain-medical-center|ut",
    "name": "Intermountain Medical Center",
    "address": "",
    "city": "Murray",
    "state": "UT",
    "zip": "",
    "lat": 40.657,
    "lon": -111.895,
    "hasEmergency": true,
    "phone": "",
    "nearestResort": "Snowbird",
    "nearestResortDist": 13.5
  },
  {
    "id": "park-city-hospital|ut",
    "name": "Park City Hospital",
    "address": "",
    "city": "Park City",
    "state": "UT",
    "zip": "",
    "lat": 40.6461,
    "lon": -111.498,
    "hasEmergency": true,
    "phone": "",
    "nearestResort": "Park City",
    "nearestResortDist": 0.0
  },
  {
    "id": "university-of-utah-hospital|ut",
    "name": "University of Utah Hospital",
    "address": "",
    "city": "Salt Lake City",
    "state": "UT",
    "zip": "",
    "lat": 40.772,
    "lon": -111.8394,
    "hasEmergency": true,
    "phone": "",
    "nearestResort": "Snowbird",
    "nearestResortDist": 16.3
  },
  {
    "id": "lds-hospital|ut",
    "name": "LDS Hospital",
    "address": "",
    "city": "Salt Lake City",
    "state": "UT",
    "zip": "",
    "lat": 40.7778,
    "lon": -111.88,
    "hasEmergency": true,
    "phone": "",
    "nearestResort": "Snowbird",
    "nearestResortDist": 17.9
  },
  {
    "id": "southwestern-vermont-medical-center|vt",
    "name": "Southwestern Vermont Medical Center",
    "address": "",
    "city": "Bennington",
    "state": "VT",
    "zip": "",
    "lat": 42.8781,
    "lon": -73.1968,
    "hasEmergency": true,
    "phone": "",
    "nearestResort": "Mount Snow",
    "nearestResortDist": 14.9
  },
  {
    "id": "university-of-vermont-medical-center|vt",
    "name": "University of Vermont Medical Center",
    "address": "",
    "city": "Burlington",
    "state": "VT",
    "zip": "",
    "lat": 44.4759,
    "lon": -73.1953,
    "hasEmergency": true,
    "phone": "",
    "nearestResort": "Stowe",
    "nearestResortDist": 25.1
  },
  {
    "id": "copley-hospital|vt",
    "name": "Copley Hospital",
    "address": "",
    "city": "Morrisville",
    "state": "VT",
    "zip": "",
    "lat": 44.5581,
    "lon": -72.5981,
    "hasEmergency": true,
    "phone": "",
    "nearestResort": "Stowe",
    "nearestResortDist": 7.8
  },
  {
    "id": "rutland-regional-medical-center|vt",
    "name": "Rutland Regional Medical Center",
    "address": "",
    "city": "Rutland",
    "state": "VT",
    "zip": "",
    "lat": 43.6106,
    "lon": -72.9726,
    "hasEmergency": true,
    "phone": "",
    "nearestResort": "Killington",
    "nearestResortDist": 10.7
  },
  {
    "id": "overlake-medical-center|wa",
    "name": "Overlake Medical Center",
    "address": "",
    "city": "Bellevue",
    "state": "WA",
    "zip": "",
    "lat": 47.6183,
    "lon": -122.1817,
    "hasEmergency": true,
    "phone": "",
    "nearestResort": "Summit at Snoqualmie",
    "nearestResortDist": 38.3
  },
  {
    "id": "evergreenhealth|wa",
    "name": "EvergreenHealth",
    "address": "",
    "city": "Kirkland",
    "state": "WA",
    "zip": "",
    "lat": 47.7217,
    "lon": -122.1778,
    "hasEmergency": true,
    "phone": "",
    "nearestResort": "Summit at Snoqualmie",
    "nearestResortDist": 41.2
  },
  {
    "id": "cascade-medical-center|wa",
    "name": "Cascade Medical Center",
    "address": "",
    "city": "Leavenworth",
    "state": "WA",
    "zip": "",
    "lat": 47.5961,
    "lon": -120.6614,
    "hasEmergency": true,
    "phone": "",
    "nearestResort": "Stevens Pass",
    "nearestResortDist": 22.4
  },
  {
    "id": "pocahontas-memorial-hospital|wv",
    "name": "Pocahontas Memorial Hospital",
    "address": "",
    "city": "Buckeye",
    "state": "WV",
    "zip": "",
    "lat": 38.1867,
    "lon": -80.1356,
    "hasEmergency": true,
    "phone": "",
    "nearestResort": "Snowshoe",
    "nearestResortDist": 17.4
  },
  {
    "id": "davis-medical-center|wv",
    "name": "Davis Medical Center",
    "address": "",
    "city": "Elkins",
    "state": "WV",
    "zip": "",
    "lat": 38.9259,
    "lon": -79.8467,
    "hasEmergency": true,
    "phone": "",
    "nearestResort": "Snowshoe",
    "nearestResortDist": 36.4
  },
  {
    "id": "st.-john's-medical-center|wy",
    "name": "St. John's Medical Center",
    "address": "",
    "city": "Jackson",
    "state": "WY",
    "zip": "",
    "lat": 43.475,
    "lon": -110.7631,
    "hasEmergency": true,
    "phone": "",
    "nearestResort": "Jackson Hole",
    "nearestResortDist": 21.5
  }
]